{
    "metrics": {
        "auc": 0.5267477411985039,
        "precision": 0.6290322580645161,
        "recall": 0.00744653767820774,
        "f1": 0.01471883255755441
    },
    "threshold": 0.44000000000000006
}