{
  "profit_factor": 1.157302975654602,
  "total_return": 104369.0234375,
  "sharpe_ratio": 6.688723053016645,
  "max_drawdown": -0.5438570218319944,
  "win_rate": 0.44080441128770675,
  "avg_rr_ratio": 1.6458492279052734,
  "trade_frequency": 17.60823392926198,
  "avg_hold_time_minutes": 148.37577035355173,
  "total_trades": 6166,
  "winning_trades": 2718,
  "losing_trades": 3448,
  "gross_profit": 7678574.5,
  "gross_loss": 6634887.0,
  "final_equity": 1043690.1875,
  "initial_equity": 9.999903960034745
}