{
  "profit_factor": 3.322537899017334,
  "total_return": 3600905.75,
  "sharpe_ratio": 13.255694153406989,
  "max_drawdown": -0.24169032275676727,
  "win_rate": 0.17911916395222585,
  "avg_rr_ratio": 19.81800079345703,
  "trade_frequency": 85.14586656234012,
  "avg_hold_time_minutes": 51.13718105320304,
  "total_trades": 29472,
  "winning_trades": 5279,
  "losing_trades": 24193,
  "gross_profit": 51533656.0,
  "gross_loss": 15510329.0,
  "final_equity": 36008704.0,
  "initial_equity": 9.999899864196777
}