{
  "method1": {
    "name": "Donchian Channel",
    "best_params": [
      45
    ],
    "train_metrics": {
      "total_return": -0.005085299618843419,
      "total_return_pct": -0.5085299618843419,
      "win_rate": 0.28448275862068967,
      "profit_factor": 0.7959329873566542,
      "num_trades": 116,
      "num_wins": 33,
      "num_losses": 83,
      "avg_win": 6.010440519989871,
      "avg_loss": 3.002379919856673,
      "risk_reward_ratio": 2.0018920591091605,
      "gross_profit": 198.34453715966575,
      "gross_loss": 249.19753334810386,
      "max_drawdown": 0.008728373306543094,
      "max_drawdown_pct": 0.8728373306543094,
      "sharpe_ratio": -22.350516743995758,
      "final_capital": 9949.147003811566,
      "method": "Donchian Channel",
      "parameters": {
        "lookback_period": 45
      }
    },
    "test_metrics": {
      "total_return": -0.0003842614994466203,
      "total_return_pct": -0.03842614994466203,
      "win_rate": 0.3404255319148936,
      "profit_factor": 0.9503222554913614,
      "num_trades": 47,
      "num_wins": 16,
      "num_losses": 31,
      "avg_win": 4.594263719911914,
      "avg_loss": 2.495188210098723,
      "risk_reward_ratio": 1.841249370014513,
      "gross_profit": 73.50821951859062,
      "gross_loss": 77.35083451306042,
      "max_drawdown": 0.0031423422614882887,
      "max_drawdown_pct": 0.3142342261488289,
      "sharpe_ratio": -5.482152055840134,
      "final_capital": 9996.157385005534,
      "method": "Donchian Channel",
      "parameters": {
        "lookback_period": 45
      }
    },
    "fitness_history": [
      0.39962173486018415,
      0.39962173486018415,
      0.39962173486018415,
      0.39962173486018415,
      0.39962173486018415,
      0.39962173486018415,
      0.39962173486018415,
      0.39962173486018415,
      0.39962173486018415,
      0.39962173486018415,
      0.39962173486018415,
      0.39962173486018415,
      0.39962173486018415,
      0.39962173486018415,
      0.39962173486018415,
      0.39962173486018415,
      0.39962173486018415,
      0.39962173486018415,
      0.39962173486018415,
      0.39962173486018415,
      0.39962173486018415,
      0.39962173486018415,
      0.39962173486018415,
      0.39962173486018415,
      0.39962173486018415,
      0.39962173486018415
    ]
  },
  "method2": {
    "name": "ATR Volatility",
    "best_params": [
      44,
      1.3582499849959873
    ],
    "train_metrics": {
      "total_return": -0.0018298320689618776,
      "total_return_pct": -0.18298320689618777,
      "win_rate": 0.296875,
      "profit_factor": 0.928670786065716,
      "num_trades": 128,
      "num_wins": 38,
      "num_losses": 90,
      "avg_win": 6.269342318087663,
      "avg_loss": 2.8503703197437247,
      "risk_reward_ratio": 2.199483440681959,
      "gross_profit": 238.23500808733118,
      "gross_loss": 256.5333287769352,
      "max_drawdown": 0.008233694154692137,
      "max_drawdown_pct": 0.8233694154692137,
      "sharpe_ratio": -6.962138203244024,
      "final_capital": 9981.701679310381,
      "method": "ATR Volatility",
      "parameters": {
        "atr_period": 44,
        "atr_multiplier": 1.3582499849959873
      }
    },
    "test_metrics": {
      "total_return": -0.0029477186924868875,
      "total_return_pct": -0.29477186924868876,
      "win_rate": 0.3157894736842105,
      "profit_factor": 0.7026269513874308,
      "num_trades": 38,
      "num_wins": 12,
      "num_losses": 26,
      "avg_win": 5.804007816986974,
      "avg_loss": 3.8125107972584567,
      "risk_reward_ratio": 1.5223583946727668,
      "gross_profit": 69.6480938038437,
      "gross_loss": 99.12528072871987,
      "max_drawdown": 0.005498130123859894,
      "max_drawdown_pct": 0.5498130123859895,
      "sharpe_ratio": -38.35150112472251,
      "final_capital": 9970.522813075131,
      "method": "ATR Volatility",
      "parameters": {
        "atr_period": 44,
        "atr_multiplier": 1.3582499849959873
      }
    },
    "fitness_history": [
      0.4302315546446148,
      0.4302315546446148,
      0.43935188456660723,
      0.43935188456660723,
      0.43940555798536884,
      0.43940555798536884,
      0.43940555798536884,
      0.43940555798536884,
      0.43940555798536884,
      0.43940555798536884,
      0.43940555798536884,
      0.43940555798536884,
      0.43940555798536884,
      0.43940555798536884,
      0.43940555798536884,
      0.43940555798536884,
      0.43940555798536884,
      0.43940555798536884,
      0.43940555798536884,
      0.43940555798536884,
      0.43940555798536884,
      0.43940555798536884,
      0.43940555798536884,
      0.43940555798536884,
      0.43940555798536884,
      0.43940555798536884,
      0.43940555798536884,
      0.43940555798536884,
      0.43940555798536884,
      0.43940555798536884
    ]
  },
  "method3": {
    "name": "Volume-Confirmed",
    "best_params": [
      43,
      1.3457260442145729,
      37
    ],
    "train_metrics": {
      "total_return": 0.003988229170639533,
      "total_return_pct": 0.39882291706395334,
      "win_rate": 0.35384615384615387,
      "profit_factor": 1.2897312053140413,
      "num_trades": 65,
      "num_wins": 23,
      "num_losses": 42,
      "avg_win": 7.718914036564587,
      "avg_loss": 3.2774459793950204,
      "risk_reward_ratio": 2.3551613314430315,
      "gross_profit": 177.5350228409855,
      "gross_loss": 137.65273113459085,
      "max_drawdown": 0.0040363529949746235,
      "max_drawdown_pct": 0.40363529949746235,
      "sharpe_ratio": 25.703162107146532,
      "final_capital": 10039.882291706395,
      "method": "Volume-Confirmed",
      "parameters": {
        "lookback_period": 43,
        "volume_threshold": 1.3457260442145729,
        "volume_ma_period": 37
      }
    },
    "test_metrics": {
      "total_return": 0.00032399827894278135,
      "total_return_pct": 0.03239982789427814,
      "win_rate": 0.3225806451612903,
      "profit_factor": 1.0495626594630914,
      "num_trades": 31,
      "num_wins": 10,
      "num_losses": 21,
      "avg_win": 6.861143025661224,
      "avg_loss": 3.1129260698660333,
      "risk_reward_ratio": 2.2040815848724917,
      "gross_profit": 68.61143025661224,
      "gross_loss": 65.3714474671867,
      "max_drawdown": 0.002872731382501795,
      "max_drawdown_pct": 0.28727313825017947,
      "sharpe_ratio": 4.946518168995017,
      "final_capital": 10003.239982789428,
      "method": "Volume-Confirmed",
      "parameters": {
        "lookback_period": 43,
        "volume_threshold": 1.3457260442145729,
        "volume_ma_period": 37
      }
    },